label,x,y,z
F_3-1,0.09387485682964325,0.16956108808517456,40.0
F_4-1,0.47206008434295654,59.1977653503418,40.0
F_5-1,98.9615249633789,60.0,39.88639831542969
F_6-1,100.45431518554688,0.09687714278697968,40.0
